name,team,position
Issy Cutts,"Rovers	",goalkeeper
Charlotte Bruce ,"Rovers	",defender
"Sophia wolfram	","Rovers	",defender
"Sophie Casey 	",Rovers,defender
" Sophie Ewe	","Rovers	",defender
"Selene Corran	","Rovers	",midfielder
"Kushi Rao	","Rovers	",midfielder
"Mirabel Summerfield	","Rovers	",midfielder
"Sophie Ward	","Rovers	",midfielder
"Frankie Gnodde	","Rovers	",midfielder
"Simran Chadda	","Rovers	",forward
"Imogen Richards	","Rovers	",forward
"Kitty Hardwick	","Rovers	",forward
"Alice Pidgeon	","Rovers	",forward
"Alice Morley	","Rovers	",midfielder
"Eva fisher	","Rovers	",defender
"hannah hurst	","Beds	",goalkeeper
"Dobbie	","Beds	",defender
"ellie buttery	","Beds	",defender
"char watt	","Beds	",defender
"annabelle davies	","Beds	",defender
"libby reid	","Beds	",defender
"julia herrey	","Beds	",midfielder
"mara duffy	","Beds	",midfielder
"emily smith	","Beds	",midfielder
"sian rees	","Beds	",midfielder
"Jojo Kaltenegger	","Beds	",midfielder
"12. jenna langley	","Beds	",forward
"bei reid	","Beds	",forward
"anna smyth	","Beds	",forward
"harriet robinson	","Beds	",forward
"alicia mcdowell	","Beds	",forward
"Ossian Finch	","Wandies	",goalkeeper
"Freddie McElwaine-Johnn	","Wandies	",defender
"Connor Singleton	","Wandies	",defender
"Harry Bannister	","Wandies	",defender
"Freddie Arbuthnott	","Wandies	",defender
"Sam Pritchard	","Wandies	",defender
"Freddie Herschel-Shorland	","Wandies	",midfielder
"Luke Poulston	","Wandies	",midfielder
"Andi Kapounek	","Wandies	",midfielder
"Jude Lipson	","Wandies	",midfielder
"Alex Warren	","Wandies	",midfielder
"Callum Wolvers	","Wandies	",forward
"Nick Barclay	","Wandies	",forward
"Pete Jansen	","Wandies	",forward
"Nick Power	","Wandies	",forward
"Lucas Savage	","Wandies	",forward
"Adam Harris	","Blundies	",goalkeeper
"Luke Boniface	","Blundies	",defender
"Rob Tingle	","Blundies	",defender
"Joe Williams	","Blundies	",defender
"Riley Aumonier	","Blundies	",defender
"Sam Martin	","Blundies	",defender
"Jamie Carruthers	","Blundies	",midfielder
"Harry Neal	","Blundies	",midfielder
"Matthew Vennard	","Blundies	",midfielder
"Samir Ahmad	","Blundies	",midfielder
"Joseph Preddy	","Blundies	",midfielder
"Kyrill Borzenko	","Blundies	",forward
"Ollie West	","Blundies	",forward
"Leo Parry-Wingfield	","Blundies	",forward
"Rhys Gibbs	","Blundies	",forward
"Bilal Qureshi	","Blundies	",forward
"Zack Fecher	","Squandies	",goalkeeper
"Charles Waddington	","Squandies	",defender
"Freddie Ogilvie	","Squandies	",defender
"Will Rowlands	","Squandies	",defender
"Robbie MacDonald	","Squandies	",defender
"Sam Featherstone	","Squandies	",defender
"Finn Dovey	","Squandies	",midfielder
"Toby Eddleston	","Squandies	",midfielder
"Arthur Van Loosen	","Squandies	",midfielder
"Jack Murphy	","Squandies	",midfielder
"Felix McClean	","Squandies	",midfielder
"Blewis Lewis	","Squandies	",forward
"Sachin Bhogal	","Squandies	",forward
"Chris Batten	","Squandies	",forward
"Ben James	","Squandies	",forward
"James McKinlay-Smith	","Squandies	",forward
"Lil Bingham	","Nomads	",goalkeeper
"Abi Halliday	","Nomads	",defender
"Abi Falkous	","Nomads	",defender
"Emily May	","Nomads	",defender
"Evie Barnes	","Nomads	",defender
"Lottie Ring	","Nomads	",defender
"Katie Wakefield	","Nomads	",defender
"Rowan Chantry	","Nomads	",midfielder
"Val Gentzke	","Nomads	",midfielder
"Cat Patterson	","Nomads	",midfielder
"Mils Kortens	","Nomads	",midfielder
"Liv Hucker	",Nomads  ,midfielder
"Amy Garrod	","Nomads	",forward
"Gigi Beale	","Nomads	",forward
"Jenna Khan	","Nomads	",forward
"Katie Jeans	","Nomads	",forward
